{"cameraMode":{"drawMode":0,"name":"Shaded","section":"Shading Mode"},"sceneLighting":false,"audioPlay":false,"sceneViewState":{"m_AlwaysRefresh":false,"showFog":true,"showSkybox":false,"showFlares":true,"showImageEffects":true,"showParticleSystems":true,"showVisualEffectGraphs":true,"m_FxEnabled":false},"in2DMode":false,"pivot":{"x":2.1521036624908449,"y":0.8805969953536987,"z":0.6607195138931274},"rotation":{"x":-0.1518157571554184,"y":0.7326775789260864,"z":-0.1737244874238968,"w":-0.6402778625488281},"size":0.000017320508050033823,"orthographic":false}