{"cameraMode":{"drawMode":0,"name":"Shaded","section":"Shading Mode"},"sceneLighting":false,"audioPlay":false,"sceneViewState":{"m_AlwaysRefresh":false,"showFog":true,"showSkybox":false,"showFlares":true,"showImageEffects":true,"showParticleSystems":true,"showVisualEffectGraphs":true,"m_FxEnabled":false},"in2DMode":false,"pivot":{"x":-0.11150307953357697,"y":0.39897990226745608,"z":-5.849299430847168},"rotation":{"x":0.0013289398048073054,"y":-0.99786776304245,"z":0.0617554597556591,"w":0.021565543487668039},"size":4.260854244232178,"orthographic":false}