{"cameraMode":{"drawMode":0,"name":"Shaded","section":"Shading Mode"},"sceneLighting":false,"audioPlay":false,"sceneViewState":{"m_AlwaysRefresh":false,"showFog":true,"showSkybox":false,"showFlares":true,"showImageEffects":true,"showParticleSystems":true,"showVisualEffectGraphs":true,"m_FxEnabled":false},"in2DMode":false,"pivot":{"x":-0.0005744993686676025,"y":50.14838409423828,"z":0.00040799379348754883},"rotation":{"x":-0.13617169857025147,"y":0.8616953492164612,"z":-0.31143155694007876,"w":-0.3767772614955902},"size":0.39174047112464907,"orthographic":false}