{"cameraMode":{"drawMode":0,"name":"Shaded","section":"Shading Mode"},"sceneLighting":false,"audioPlay":false,"sceneViewState":{"m_AlwaysRefresh":false,"showFog":true,"showSkybox":false,"showFlares":true,"showImageEffects":true,"showParticleSystems":true,"showVisualEffectGraphs":true,"m_FxEnabled":false},"in2DMode":false,"pivot":{"x":-0.40630289912223818,"y":0.817706286907196,"z":1.2073063850402833},"rotation":{"x":-0.00030657631577923894,"y":0.9668223261833191,"z":-0.2554463744163513,"w":-0.0011600821744650603},"size":0.000017320508050033823,"orthographic":false}