{"cameraMode":{"drawMode":0,"name":"Shaded","section":"Shading Mode"},"sceneLighting":false,"audioPlay":false,"sceneViewState":{"m_AlwaysRefresh":false,"showFog":true,"showSkybox":false,"showFlares":true,"showImageEffects":true,"showParticleSystems":true,"showVisualEffectGraphs":true,"m_FxEnabled":false},"in2DMode":false,"pivot":{"x":-0.12049457430839539,"y":49.96881103515625,"z":-0.015663670375943185},"rotation":{"x":-0.3527241349220276,"y":0.6023447513580322,"z":-0.3359927237033844,"w":-0.6323649883270264},"size":0.2879546880722046,"orthographic":false}