{"cameraMode":{"drawMode":0,"name":"Shaded","section":"Shading Mode"},"sceneLighting":false,"audioPlay":false,"sceneViewState":{"m_AlwaysRefresh":false,"showFog":true,"showSkybox":false,"showFlares":true,"showImageEffects":true,"showParticleSystems":true,"showVisualEffectGraphs":true,"m_FxEnabled":false},"in2DMode":false,"pivot":{"x":-0.10623511672019959,"y":50.167022705078128,"z":-0.03799886256456375},"rotation":{"x":-0.22281108796596528,"y":0.7702437043190002,"z":-0.3596225678920746,"w":-0.4772423505783081},"size":0.28510287404060366,"orthographic":false}